{
  "$schema": "http://json-schema.org/draft-07/schema#",
  "type": "object",
  "title": "policy response",
  "required": [
    "policyId",
    "coveragePeriod",
    "totalPremium",
    "coverageDetails",
    "premiumDetails"
  ],
  "properties": {
    "policyId": {
      "description": "policy id",
      "type": "string",
      "$ref": "../Shared.json#/definitions/uuid"
    },
    "coveragePeriod": {
      "description": "policy coverage period",
      "$ref": "../Shared.json#/definitions/period"
    },
    "totalPremium": {
      "description": "policy total premium",
      "$ref": "../Shared.json#/definitions/money"
    },
    "coverageDetails": {
      "description": "policy coverage details",
      "$ref": "../Coverage.json#/definitions/coverageDetails"
    },
    "premiumDetails": {
      "description": "policy premium details",
      "$ref": "../Coverage.json#/definitions/premiumDetails"
    }
  }
}
