{
  "$schema": "http://json-schema.org/draft-07/schema#",
  "type": "object",
  "title": "policy modification response",
  "required": [
    "policyModificationId",
    "status",
    "expirationDate",
    "proposedPremiumAdjustment",
    "proposedCoverageDetails",
    "proposedPremiumDetails"
  ],
  "properties": {
    "policyModificationId": {
      "description": "policy modification id",
      "$ref": "../Shared.json#/definitions/uuid"
    },
    "status": {
      "description": "policy modification status",
      "type": "string",
      "enum": [
        "PENDING",
        "CONFIRMED",
        "EXPIRED"
      ]
    },
    "expirationDate": {
      "description": "policy modification expiration",
      "$ref": "../Shared.json#/definitions/dateTime"
    },
    "proposedPremiumAdjustment": {
      "description": "policy modification proposed premium adjustment",
      "$ref": "../Shared.json#/definitions/money"
    },
    "proposedCoverageDetails": {
      "description": "policy modification proposed coverage details",
      "$ref": "../Coverage.json#/definitions/coverageDetails"
    },
    "proposedPremiumDetails": {
      "description": "policy modification proposed premium details",
      "$ref": "../Coverage.json#/definitions/premiumDetails"
    }
  }
}
