{
  "$schema": "http://json-schema.org/draft-07/schema#",
  "type": "object",
  "title": "policy renewal response",
  "required": [
    "policyRenewalId",
    "status",
    "coveragePeriod",
    "proposedTotalPremium",
    "proposedCoverageDetails",
    "proposedPremiumDetails"
  ],
  "properties": {
    "policyRenewalId": {
      "description": "policy renewal id",
      "$ref": "../Shared.json#/definitions/uuid"
    },
    "status": {
      "description": "policy renewal status",
      "type": "string",
      "enum": [
        "PENDING",
        "ACCEPTED",
        "CONFIRMED",
        "CANCELED",
        "EXPIRED"
      ]
    },
    "coveragePeriod": {
      "description": "policy renewal coverage period",
      "$ref": "../Shared.json#/definitions/period"
    },
    "proposedTotalPremium": {
      "description": "policy renewal proposed total premium",
      "$ref": "../Shared.json#/definitions/money"
    },
    "proposedCoverageDetails": {
      "description": "policy renewal proposed coverage details",
      "$ref": "../Coverage.json#/definitions/coverageDetails"
    },
    "proposedPremiumDetails": {
      "description": "policy renewal proposed premium details",
      "$ref": "../Coverage.json#/definitions/premiumDetails"
    }
  }
}
