{
  "$schema": "http://json-schema.org/draft-07/schema#",
  "type": "object",
  "title": "quote response",
  "required": [
    "quoteId",
    "expirationDate",
    "effectivePeriod",
    "totalPremium",
    "coverageDetails",
    "premiumDetails"
  ],
  "properties": {
    "quoteId": {
      "description": "quote id",
      "type": "string",
      "$ref": "../Shared.json#/definitions/uuid"
    },
    "expirationDate": {
      "description": "quote expiration",
      "$ref": "../Shared.json#/definitions/dateTime"
    },
    "effectivePeriod": {
      "description": "quote effective period",
      "$ref": "../Shared.json#/definitions/period"
    },
    "totalPremium": {
      "description": "quote total premium",
      "$ref": "../Shared.json#/definitions/money"
    },
    "coverageDetails": {
      "description": "quote coverage details",
      "$ref": "../Coverage.json#/definitions/coverageDetails"
    },
    "premiumDetails": {
      "description": "quote premium details",
      "$ref": "../Coverage.json#/definitions/premiumDetails"
    }
  }
}
